{
    "imagens": [
      {
        "url": "Fantasma1.jpg",
        "titulo": "Fantasma na Floresta",
        "categoria": "Fantasma"
      },
      {
        "url": "Monstro2.jfif",
        "titulo": "O Monstro do Lago",
        "categoria": "Monstro"
      },
      {
        "url": "Assombração3.jfif",
        "titulo": "Assombração na Casa",
        "categoria": "Assombração"
      },
      {
        "url": "Fantasma2.png",
        "titulo": "Fantasma da Floresta",
        "categoria": "Fantasma"
      },
      {
        "url": "Monstro3.jpg",
        "titulo": "Monstro das Sombras",
        "categoria": "Monstro"
      },
      {
        "url": "Assombração4.jpg",
        "titulo": "Assombração na Casa",
        "categoria": "Assombração"
      }
    ]
  }
  